case,frame,query,origin,basis,motion,margin,recovery,rays,maxContacts,safe,unsafe,travel,remainder,rawContacts,normalAnalysis,identityQualification
0,176,original-down32,"[0.141421258449554, 0.172130957245827, -0.141421258449554]","[[0.70710676908493, 0.0, 0.70710676908493], [0.0, 1.0, 0.0], [-0.70710676908493, 0.0, 0.70710676908493]]","[0.0, -0.175564289093018, 0.0]",0.0199999995529652,True,True,32,0.48046875,0.484375,"[0.0, -0.0843531563878059, 0.0]","[0.0, -0.0912111327052116, 0.0]","[{""collider"": ""/root/@Node3D@6/PositiveTread"", ""colliderId"": 57713624448, ""colliderShape"": 0, ""depth"": 0.0201117899268866, ""localShape"": 0, ""normal"": [0.404189735651016, 0.820524990558624, -0.404189735651016], ""point"": [-1.19209289550781e-07, 0.150000005960464, -1.19209289550781e-07], ""velocity"": [0.0, 0.0, 0.0]}]","[{""rawNormal"": [0.404189735651016, 0.820524990558624, -0.404189735651016], ""length"": 0.9999999724712529, ""unitLengthError"": 2.7528747059690772e-08, ""rawUpDot"": 0.820524990558624, ""rawDotAngleDegrees"": 34.862618100192876, ""normalizedAngleDegrees"": 34.86261583606683}]","[""not in legacy query serialization; same colliderId as bound parity contact, not an invented RID""]"
0,176,parity-short32,"[0.141421258449554, 0.172130957245827, -0.141421258449554]","[[0.70710676908493, 0.0, 0.70710676908493], [0.0, 1.0, 0.0], [-0.70710676908493, 0.0, 0.70710676908493]]","[0.0, -0.175564289093018, 0.0]",0.0199999995529652,True,True,32,0.48046875,0.484375,"[0.0, -0.0843531563878059, 0.0]","[0.0, -0.0912111327052116, 0.0]","[{""collider"": ""/root/@Node3D@6/PositiveTread"", ""colliderId"": 57713624448, ""colliderRid"": 146028888066, ""colliderShape"": 0, ""depth"": 0.0201117899268866, ""localShape"": 0, ""normal"": [0.404189735651016, 0.820524990558624, -0.404189735651016], ""point"": [-1.19209289550781e-07, 0.150000005960464, -1.19209289550781e-07], ""velocity"": [0.0, 0.0, 0.0]}]","[{""rawNormal"": [0.404189735651016, 0.820524990558624, -0.404189735651016], ""length"": 0.9999999724712529, ""unitLengthError"": 2.7528747059690772e-08, ""rawUpDot"": 0.820524990558624, ""rawDotAngleDegrees"": 34.862618100192876, ""normalizedAngleDegrees"": 34.86261583606683}]","[""direct query field""]"
0,176,parity-full4,"[0.141421258449554, 0.172130957245827, -0.141421258449554]","[[0.70710676908493, 0.0, 0.70710676908493], [0.0, 1.0, 0.0], [-0.70710676908493, 0.0, 0.70710676908493]]","[0.0, -0.300000011920929, 0.0]",0.0199999995529652,True,True,4,0.28125,0.28515625,"[0.0, -0.0843750014901161, 0.0]","[0.0, -0.215625017881393, 0.0]","[{""collider"": ""/root/@Node3D@6/PositiveTread"", ""colliderId"": 57713624448, ""colliderRid"": 146028888066, ""colliderShape"": 0, ""depth"": 0.020528394728899, ""localShape"": 0, ""normal"": [0.40467157959938, 0.82004988193512, -0.40467157959938], ""point"": [-1.19209289550781e-07, 0.150000005960464, -1.19209289550781e-07], ""velocity"": [0.0, 0.0, 0.0]}]","[{""rawNormal"": [0.40467157959938, 0.82004988193512, -0.40467157959938], ""length"": 0.9999999917663595, ""unitLengthError"": 8.233640547139487e-09, ""rawUpDot"": 0.82004988193512, ""rawDotAngleDegrees"": 34.91021256301039, ""normalizedAngleDegrees"": 34.91021188702534}]","[""direct query field""]"
0,176,fresh-guard-down32,"[0.141421258449554, 0.0877559557557106, -0.141421258449554]","[[0.70710676908493, 0.0, 0.70710676908493], [0.0, 1.0, 0.0], [-0.70710676908493, 0.0, 0.70710676908493]]","[0.0, -0.0200999993830919, 0.0]",0.0199999995529652,True,True,32,1.0,1.0,"[0.00652162730693817, -0.00682989694178104, -0.00652182102203369]","[0.0, 0.0, 0.0]","[{""collider"": ""/root/@Node3D@6/PositiveTread"", ""colliderId"": 57713624448, ""colliderShape"": 0, ""depth"": 0.0197234023362398, ""localShape"": 0, ""normal"": [0.422360450029373, 0.802012085914612, -0.422360450029373], ""point"": [-1.19209289550781e-07, 0.150000005960464, -1.19209289550781e-07], ""velocity"": [0.0, 0.0, 0.0]}]","[{""rawNormal"": [0.422360450029373, 0.802012085914612, -0.422360450029373], ""length"": 1.000000042725567, ""unitLengthError"": 4.272556708428965e-08, ""rawUpDot"": 0.802012085914612, ""rawDotAngleDegrees"": 36.67732574092844, ""normalizedAngleDegrees"": 36.67732902787887}]","[""separate post-query identity telemetry""]"
1,364,original-down32,"[-0.141421258449554, 0.172130957245827, -0.141421258449554]","[[0.70710676908493, 0.0, -0.70710676908493], [0.0, 1.0, 0.0], [0.70710676908493, 0.0, 0.70710676908493]]","[0.0, -0.175564289093018, 0.0]",0.0199999995529652,True,True,32,0.48046875,0.484375,"[0.0, -0.0843531563878059, 0.0]","[0.0, -0.0912111327052116, 0.0]","[{""collider"": ""/root/@Node3D@14/PositiveTread"", ""colliderId"": 86385886600, ""colliderShape"": 0, ""depth"": 0.0201117899268866, ""localShape"": 0, ""normal"": [-0.404189735651016, 0.820524990558624, -0.404189735651016], ""point"": [-1.19209289550781e-07, 0.150000005960464, 1.19209289550781e-07], ""velocity"": [0.0, 0.0, 0.0]}]","[{""rawNormal"": [-0.404189735651016, 0.820524990558624, -0.404189735651016], ""length"": 0.9999999724712529, ""unitLengthError"": 2.7528747059690772e-08, ""rawUpDot"": 0.820524990558624, ""rawDotAngleDegrees"": 34.862618100192876, ""normalizedAngleDegrees"": 34.86261583606683}]","[""not in legacy query serialization; same colliderId as bound parity contact, not an invented RID""]"
1,364,parity-short32,"[-0.141421258449554, 0.172130957245827, -0.141421258449554]","[[0.70710676908493, 0.0, -0.70710676908493], [0.0, 1.0, 0.0], [0.70710676908493, 0.0, 0.70710676908493]]","[0.0, -0.175564289093018, 0.0]",0.0199999995529652,True,True,32,0.48046875,0.484375,"[0.0, -0.0843531563878059, 0.0]","[0.0, -0.0912111327052116, 0.0]","[{""collider"": ""/root/@Node3D@14/PositiveTread"", ""colliderId"": 86385886600, ""colliderRid"": 206158430210, ""colliderShape"": 0, ""depth"": 0.0201117899268866, ""localShape"": 0, ""normal"": [-0.404189735651016, 0.820524990558624, -0.404189735651016], ""point"": [-1.19209289550781e-07, 0.150000005960464, 1.19209289550781e-07], ""velocity"": [0.0, 0.0, 0.0]}]","[{""rawNormal"": [-0.404189735651016, 0.820524990558624, -0.404189735651016], ""length"": 0.9999999724712529, ""unitLengthError"": 2.7528747059690772e-08, ""rawUpDot"": 0.820524990558624, ""rawDotAngleDegrees"": 34.862618100192876, ""normalizedAngleDegrees"": 34.86261583606683}]","[""direct query field""]"
1,364,parity-full4,"[-0.141421258449554, 0.172130957245827, -0.141421258449554]","[[0.70710676908493, 0.0, -0.70710676908493], [0.0, 1.0, 0.0], [0.70710676908493, 0.0, 0.70710676908493]]","[0.0, -0.300000011920929, 0.0]",0.0199999995529652,True,True,4,0.28125,0.28515625,"[0.0, -0.0843750014901161, 0.0]","[0.0, -0.215625017881393, 0.0]","[{""collider"": ""/root/@Node3D@14/PositiveTread"", ""colliderId"": 86385886600, ""colliderRid"": 206158430210, ""colliderShape"": 0, ""depth"": 0.0205283965915442, ""localShape"": 0, ""normal"": [-0.40467157959938, 0.82004988193512, -0.40467157959938], ""point"": [-1.19209289550781e-07, 0.150000005960464, 1.19209289550781e-07], ""velocity"": [0.0, 0.0, 0.0]}]","[{""rawNormal"": [-0.40467157959938, 0.82004988193512, -0.40467157959938], ""length"": 0.9999999917663595, ""unitLengthError"": 8.233640547139487e-09, ""rawUpDot"": 0.82004988193512, ""rawDotAngleDegrees"": 34.91021256301039, ""normalizedAngleDegrees"": 34.91021188702534}]","[""direct query field""]"
1,364,fresh-guard-down32,"[-0.141421258449554, 0.0877559557557106, -0.141421258449554]","[[0.70710676908493, 0.0, -0.70710676908493], [0.0, 1.0, 0.0], [0.70710676908493, 0.0, 0.70710676908493]]","[0.0, -0.0200999993830919, 0.0]",0.0199999995529652,True,True,32,1.0,1.0,"[-0.00652182102203369, -0.00682989694178104, -0.00652162730693817]","[0.0, 0.0, 0.0]","[{""collider"": ""/root/@Node3D@14/PositiveTread"", ""colliderId"": 86385886600, ""colliderShape"": 0, ""depth"": 0.019723404198885, ""localShape"": 0, ""normal"": [-0.422360450029373, 0.802012085914612, -0.422360450029373], ""point"": [-1.19209289550781e-07, 0.150000005960464, 1.19209289550781e-07], ""velocity"": [0.0, 0.0, 0.0]}]","[{""rawNormal"": [-0.422360450029373, 0.802012085914612, -0.422360450029373], ""length"": 1.000000042725567, ""unitLengthError"": 4.272556708428965e-08, ""rawUpDot"": 0.802012085914612, ""rawDotAngleDegrees"": 36.67732574092844, ""normalizedAngleDegrees"": 36.67732902787887}]","[""separate post-query identity telemetry""]"
2,550,original-down32,"[0.212131947278976, 0.20213095843792, -0.212131947278976]","[[0.70710676908493, 0.0, 0.70710676908493], [0.0, 1.0, 0.0], [-0.70710676908493, 0.0, 0.70710676908493]]","[0.0, -0.20556429028511, 0.0]",0.0199999995529652,True,True,32,0.7265625,0.73046875,"[0.0, -0.149355307221413, 0.0]","[0.0, -0.0562089830636978, 0.0]","[{""collider"": ""/root/@Node3D@22/PositiveTread"", ""colliderId"": 114957485456, ""colliderShape"": 0, ""depth"": 0.021373700350523, ""localShape"": 0, ""normal"": [0.506733477115631, 0.697454154491425, -0.506733477115631], ""point"": [-1.19209289550781e-07, 0.180000007152557, -1.19209289550781e-07], ""velocity"": [0.0, 0.0, 0.0]}]","[{""rawNormal"": [0.506733477115631, 0.697454154491425, -0.506733477115631], ""length"": 0.9999999656383715, ""unitLengthError"": 3.4361628542534106e-08, ""rawUpDot"": 0.697454154491425, ""rawDotAngleDegrees"": 45.776894347563676, ""normalizedAngleDegrees"": 45.77689243146691}]","[""not in legacy query serialization; same colliderId as bound parity contact, not an invented RID""]"
2,550,parity-short32,"[0.212131947278976, 0.20213095843792, -0.212131947278976]","[[0.70710676908493, 0.0, 0.70710676908493], [0.0, 1.0, 0.0], [-0.70710676908493, 0.0, 0.70710676908493]]","[0.0, -0.20556429028511, 0.0]",0.0199999995529652,True,True,32,0.7265625,0.73046875,"[0.0, -0.149355307221413, 0.0]","[0.0, -0.0562089830636978, 0.0]","[{""collider"": ""/root/@Node3D@22/PositiveTread"", ""colliderId"": 114957485456, ""colliderRid"": 266287972354, ""colliderShape"": 0, ""depth"": 0.021373700350523, ""localShape"": 0, ""normal"": [0.506733477115631, 0.697454154491425, -0.506733477115631], ""point"": [-1.19209289550781e-07, 0.180000007152557, -1.19209289550781e-07], ""velocity"": [0.0, 0.0, 0.0]}]","[{""rawNormal"": [0.506733477115631, 0.697454154491425, -0.506733477115631], ""length"": 0.9999999656383715, ""unitLengthError"": 3.4361628542534106e-08, ""rawUpDot"": 0.697454154491425, ""rawDotAngleDegrees"": 45.776894347563676, ""normalizedAngleDegrees"": 45.77689243146691}]","[""direct query field""]"
2,550,parity-full4,"[0.212131947278976, 0.20213095843792, -0.212131947278976]","[[0.70710676908493, 0.0, 0.70710676908493], [0.0, 1.0, 0.0], [-0.70710676908493, 0.0, 0.70710676908493]]","[0.0, -0.300000011920929, 0.0]",0.0199999995529652,True,True,4,0.4921875,0.49609375,"[0.0, -0.147656261920929, 0.0]","[0.0, -0.15234375, 0.0]","[{""collider"": ""/root/@Node3D@22/PositiveTread"", ""colliderId"": 114957485456, ""colliderRid"": 266287972354, ""colliderShape"": 0, ""depth"": 0.0204449445009232, ""localShape"": 0, ""normal"": [0.505611717700958, 0.699080467224121, -0.505611717700958], ""point"": [0.0, 0.180000007152557, 0.0], ""velocity"": [0.0, 0.0, 0.0]}]","[{""rawNormal"": [0.505611717700958, 0.699080467224121, -0.505611717700958], ""length"": 0.99999995890366, ""unitLengthError"": 4.109633999771489e-08, ""rawUpDot"": 0.699080467224121, ""rawDotAngleDegrees"": 45.64672376518969, ""normalizedAngleDegrees"": 45.64672146310758}]","[""direct query field""]"
2,550,fresh-guard-down32,"[0.212131947278976, 0.0544746965169907, -0.212131947278976]","[[0.70710676908493, 0.0, 0.70710676908493], [0.0, 1.0, 0.0], [-0.70710676908493, 0.0, 0.70710676908493]]","[0.0, -0.0200999993830919, 0.0]",0.0199999995529652,True,True,32,1.0,1.0,"[0.00818042457103729, -0.00874407775700092, -0.00818061828613281]","[0.0, 0.0, 0.0]","[{""collider"": ""/root/@Node3D@22/PositiveTread"", ""colliderId"": 114957485456, ""colliderShape"": 0, ""depth"": 0.0172504857182503, ""localShape"": 0, ""normal"": [0.521141886711121, 0.675886213779449, -0.521141886711121], ""point"": [-1.19209289550781e-07, 0.180000007152557, -1.19209289550781e-07], ""velocity"": [0.0, 0.0, 0.0]}]","[{""rawNormal"": [0.521141886711121, 0.675886213779449, -0.521141886711121], ""length"": 0.9999999530733853, ""unitLengthError"": 4.692661470517834e-08, ""rawUpDot"": 0.675886213779449, ""rawDotAngleDegrees"": 47.476992341452714, ""normalizedAngleDegrees"": 47.47698987572874}]","[""separate post-query identity telemetry""]"
